,buy1,buy2,spoil_ratio,succes_ratio
4,1.0,8.0,0.3118318668433729,0.953075767997337
8,1.0,1.0,0.2198194881427029,0.3996334932294103
