Fact,Distr1,Distr2,v1_DailyPurchase,v2_PeriodicallyPurchase,v3_Random,v1_s_Q,v2_s_S,v3_R_S,v4_Random,lost_ratio_sales_fac,lost_ratio_sales_dis,lost_ratio_sales_ret,stock_customer_MA_mean_relative,stock_distributor_MA_mean_relative,stock_retailer_MA_mean_relative,stock_factory_MA_mean_relative
2,10,40,0.0725419073109756,0.1218778252984626,0,1,0,0,0,1,0,1.318649314345552e-05,0.05013839776649257,0.2181116495265341,0.3052462675084944,0.4633463703968446
2,10,40,0.05505400113027416,0.1200168752375912,0,0,1,0,0,1,0,7.78228526593911e-06,0.04185124362855868,0.2082237183166914,0.2914171918791426,0.49111720723638
2,10,37,0.07209605230877383,0.1196750273516567,0,1,0,0,1,0,0,1.232950127745181e-05,0.0538849332120197,0.2219081247484667,0.2948223010385091,0.4672672424287518
