,Unnamed: 0,Fact,Distr1,Distr2,v1_DailyPurchase,v2_PeriodicallyPurchase,v3_Random,v1_s_Q,v2_s_S,v3_R_S,v4_Random,lost_ratio_sales_fac,lost_ratio_sales_dis,lost_ratio_sales_ret,stock_customer_MA_mean_relative,stock_distributor_MA_mean_relative,stock_retailer_MA_mean_relative,stock_factory_MA_mean_relative,lost_ratio_sales_fac_real,lost_ratio_sales_dis_real,lost_ratio_sales_ret_real,stock_customer_MA_mean_relative_real,stock_distributor_MA_mean_relative_real,stock_retailer_MA_mean_relative_real,stock_factory_MA_mean_relative_real
2,2,2,10,37,0.0720960523087738,0.1196750273516567,0,1,0,0,1,0,0,1.232950127745181e-05,0.0538849332120197,0.2219081247484667,0.2948223010385091,0.4672672424287518,0.0,0.0454668571795288,0.0018843260913021154,0.007625972702426344,0.22908874204325508,0.05523092628098177,0.7080543589733367
1,1,2,10,40,0.0550540011302741,0.1200168752375912,0,0,1,0,0,1,0,7.78228526593911e-06,0.0418512436285586,0.2082237183166914,0.2914171918791426,0.49111720723638,0.0,0.04146844275293372,0.000742721476506779,0.012364339274652953,0.19627140848063057,0.08989057161373282,0.7014736806309837
0,0,2,10,40,0.0725419073109756,0.1218778252984626,0,1,0,0,0,1,0,1.318649314345552e-05,0.0501383977664925,0.2181116495265341,0.3052462675084944,0.4633463703968446,0.0,0.04931235623356286,0.0007233982674116017,0.008492921688933211,0.21439381147062955,0.06650095042454483,0.7106123164158924
