,Distr1,Distr2,Fact,Unnamed: 0,lost_ratio_sales_dis,lost_ratio_sales_dis_real,lost_ratio_sales_fac,lost_ratio_sales_fac_real,lost_ratio_sales_ret,lost_ratio_sales_ret_real,stock_customer_MA_mean_relative,stock_distributor_MA_mean_relative,stock_factory_MA_mean_relative,stock_retailer_MA_mean_relative,v1_DailyPurchase,v1_s_Q,v2_PeriodicallyPurchase,v2_s_S,v3_R_S,v3_Random,v4_Random
2,10,37,2,2,0,0.13346485889500345,0,0.0005147350824179028,1.232950127745181e-05,0.0019014289981328803,0.0538849332120197,0.2219081247484667,0.4672672424287518,0.2948223010385091,0.0720960523087738,1,0.1196750273516567,0,0,0,1
1,10,40,2,1,0,0.08665277449081314,1,0.0028197606856869193,7.78228526593911e-06,0.001472135499126242,0.0418512436285586,0.2082237183166914,0.49111720723638,0.2914171918791426,0.0550540011302741,0,0.1200168752375912,1,0,0,0
0,10,40,2,0,0,0.08846427493742423,1,0.0003938062505280447,1.318649314345552e-05,0.0012718174538847396,0.0501383977664925,0.2181116495265341,0.4633463703968446,0.3052462675084944,0.0725419073109756,1,0.1218778252984626,0,0,0,0
