collaboration_bonus,max_age,mean_strength,mean_speed,mean_intelligence,murder_rate,age_death_rate,starvation_rate,mean_reactive_aggression,mean_proactive_aggression
0.1, 50, 0.470565344223938, 0.03920743852766326, 0.4405951423576924, 0.07289767883524986, 0.8307561179688224, 0.06807829217411568, 0.491740607354484, 0.4888312060475722
0.1, 50, 0.470565344223938, 0.03920743852766326, 0.4405951423576924, 0.07289767883524986, 0.8307561179688224, 0.06807829217411568, 0.491740607354484, 0.4888312060475722
