buy1,buy2,spoil_ratio,succes_ratio
5, 5, 0.7017083214488523, 0.4861401384154267
8, 9, 0.9238274303210476, 0.7327778797704144
0, 0, 0.1822768612298021, 0.3137528561888995
1, 7, 0.2767153763690897, 0.8945299964282429
0, 0, 0.1822768612298021, 0.3137528561888995
5, 5, 0.7017083214488523, 0.4861401384154267
0, 0, 0.1822768612298021, 0.3137528561888995
3, 8, 0.5280226078178277, 0.8624837256888123
0, 0, 0.1822768612298021, 0.3137528561888995
2, 2, 0.3259312545983122, 0.3499664559660465
