,buy1,buy2,spoil_ratio,succes_ratio
3,1.0,7.0,0.2767153763690897,0.8945299964282429
8,0.0,0.0,0.1822768612298021,0.3137528561888995
