collaboration_bonus,max_age,mean_strength,mean_speed,mean_intelligence,murder_rate,age_death_rate,starvation_rate,mean_reactive_aggression,mean_proactive_aggression
0.1, 50, 0.470565344223938, 0.03920743852766326, 0.4405951423576924, 0.07289767883524986, 0.8307561179688224, 0.06807829217411568, 0.491740607354484, 0.4888312060475722
0.1, 200, 0.4737406430784335, 0.1733572496554145, 0.4467102143696264, 0.2572491166586687, 0.4342979950545014, 0.3055342754060381, 0.5110726090142137, 0.5071375291133892
