,Distr1,Distr2,Fact,lost_ratio_sales_dis,lost_ratio_sales_dis_real,lost_ratio_sales_fac,lost_ratio_sales_fac_real,lost_ratio_sales_ret,lost_ratio_sales_ret_real,v1_DailyPurchase,v1_s_Q,v2_PeriodicallyPurchase,v2_s_S,v3_R_S,v3_Random,v4_Random
0,7,26,3,0,0.07754180426449463,0,0.004012554931076708,8.82468239818178e-05,0.0018624801173627282,0.0324811631079772,0,0.1002799431253751,0,1,1,0
1,7,26,3,0,0.07387734758819374,0,0.0037031298617984766,8.82468239818178e-05,0.0013252371531356963,0.0324811631079772,0,0.1002799431253736,0,1,1,0
4,7,26,3,0,0.056480359516722936,0,0.0,8.82468239818178e-05,0.0009185710958659572,0.032481163107977,0,0.1002799431253751,0,1,1,0
5,7,26,3,0,0.11258672865202259,0,0.004186575392814481,8.82468239818178e-05,0.001956385658012544,0.0324811631079772,0,0.1002799431253741,0,1,1,0
