collaboration_bonus,max_age,mean_strength,mean_speed,mean_intelligence,murder_rate,age_death_rate,starvation_rate,mean_reactive_aggression,mean_proactive_aggression,average_population
0.1, 93, 0.4484656765081195, 0.09398139027061916, 0.4531878405797303, 0.04241938709243781, 0.9483519009580159, 0.005412560504076834, 0.4898540275330455, 0.4962721288126786, 43.72516818123119
0.1, 259, 0.4106296624529918, 0.1687225244938676, 0.4209933061529593, 0.2844724761853907, 0.2695230995894647, 0.4521198139930307, 0.4747377364844061, 0.4977091719985514, 38.69492509495343
