,buy1,buy2,success_ratio,spoil_ratio
0,6,7,0.6918486430458695,0.8703040542026871
1,6,5,0.6618748451181947,0.7115580240411226
2,8,8,0.7396209467912739,0.9266802648435012
3,9,8,0.7497253221326146,0.9349430262809026
4,8,9,0.7662201902682229,0.946978756529656
6,5,6,0.6659712628943394,0.7600158455274455
8,7,7,0.700097101861798,0.8872076107543535
17,9,7,0.7219304085619253,0.9104724272629674
20,2,2,0.6595838267026064,0.3855144647798886
24,7,6,0.6798968845569027,0.8271690562558658
