,Unnamed: 0,Distr1,Distr2,Fact,lost_ratio_sales_dis,lost_ratio_sales_dis_real,lost_ratio_sales_fac,lost_ratio_sales_fac_real,lost_ratio_sales_ret,lost_ratio_sales_ret_real,v1_DailyPurchase,v1_s_Q,v2_PeriodicallyPurchase,v2_s_S,v3_R_S,v3_Random,v4_Random
0,0.0,7.0,26.0,3.0,0.0,0.0815209522901504,0.0,0.0005904758016273,8.82468239818178e-05,0.0010467621363118,0.0324811631079772,0.0,0.1002799431253736,0.0,1.0,1.0,0.0
0,2.0,7.0,26.0,3.0,0.0,0.0712490647418687,0.0,0.0006969334006871,8.82468239818178e-05,0.0010206040345753,0.0324811631079772,0.0,0.1002799431253751,0.0,1.0,1.0,0.0
0,9.0,7.0,26.0,3.0,0.0,0.0695009459525799,0.0,0.0030291629658647,8.82468239818178e-05,0.0014643761024177,0.0324811631079772,0.0,0.1002799431253733,0.0,1.0,1.0,0.0
