,Distr1,Distr2,Fact,lost_ratio_sales_dis,lost_ratio_sales_dis_real,lost_ratio_sales_fac,lost_ratio_sales_fac_real,lost_ratio_sales_ret,lost_ratio_sales_ret_real,v1_DailyPurchase,v1_s_Q,v2_PeriodicallyPurchase,v2_s_S,v3_R_S,v3_Random,v4_Random
0,7,26,3,0,0.08152095229015047,0,0.00059047580162735,8.82468239818178e-05,0.0010467621363118875,0.0324811631079772,0,0.1002799431253736,0,1,1,0
1,7,26,3,0,0.09060434927071105,0,0.0012560108758982327,8.82468239818178e-05,0.0011638164239843806,0.0324811631079772,0,0.1002799431253741,0,1,1,0
2,7,26,3,0,0.07124906474186876,0,0.0006969334006871443,8.82468239818178e-05,0.0010206040345753242,0.0324811631079772,0,0.1002799431253751,0,1,1,0
9,7,26,3,0,0.06950094595257991,0,0.003029162965864708,8.82468239818178e-05,0.0014643761024177165,0.0324811631079772,0,0.1002799431253733,0,1,1,0
10,7,26,3,0,0.11976104709227409,0,0.003401300530037031,8.82468239818178e-05,0.0026586203706190814,0.032481163107977,0,0.1002799431253751,0,1,1,0
